id,name,level,setting,solution
42,two-color-tracks,final-challenge,"{""length"": 10, ""fields"": [[[""b"", []], [""b"", []], [""b"", []], [""b"", []], [""b"", []], [""b"", []]], [[""k"", []], [""k"", [""W""]], [""k"", []], [""k"", []], [""y"", []], [""k"", []]], [[""k"", [""D""]], [""k"", []], [""k"", []], [""k"", []], [""k"", []], [""k"", [""D""]]], [[""k"", []], [""y"", []], [""k"", []], [""k"", []], [""r"", []], [""k"", []]], [[""k"", []], [""y"", []], [""k"", []], [""k"", []], [""y"", []], [""k"", []]], [[""k"", []], [""k"", []], [""k"", [""D""]], [""k"", []], [""k"", []], [""k"", [""D""]]], [[""k"", []], [""r"", []], [""k"", []], [""k"", []], [""r"", []], [""k"", []]], [[""k"", []], [""y"", []], [""k"", []], [""k"", []], [""y"", []], [""k"", []]], [[""k"", []], [""k"", []], [""k"", [""D""]], [""k"", [""D""]], [""k"", []], [""k"", []]], [[""k"", []], [""r"", []], [""k"", []], [""k"", []], [""y"", []], [""k"", []]], [[""k"", []], [""y"", []], [""k"", []], [""k"", []], [""y"", []], [""k"", []]], [[""k"", [""D""]], [""k"", []], [""k"", []], [""k"", [""D""]], [""k"", []], [""k"", []]], [[""k"", []], [""y"", []], [""k"", []], [""k"", []], [""y"", []], [""k"", []]], [[""k"", []], [""y"", []], [""k"", []], [""k"", []], [""y"", []], [""k"", []]], [[""k"", []], [""k"", [""S""]], [""k"", []], [""k"", []], [""k"", [""W""]], [""k"", []]]]}",R2{fR4{fIy{lr}/{rl}}}f
5,diamonds-with-signals,if,"{""length"": 5, ""fields"": [[[""b"", []], [""b"", []], [""b"", []], [""b"", []], [""b"", [""A""]]], [[""k"", []], [""k"", []], [""k"", []], [""k"", [""D""]], [""k"", [""A""]]], [[""k"", []], [""k"", []], [""y"", []], [""k"", []], [""k"", [""A""]]], [[""k"", []], [""k"", []], [""k"", []], [""k"", [""A""]], [""k"", [""A""]]], [[""k"", []], [""k"", []], [""k"", []], [""k"", [""D""]], [""k"", [""A""]]], [[""k"", []], [""k"", []], [""y"", []], [""k"", []], [""k"", [""A""]]], [[""k"", []], [""k"", []], [""k"", []], [""k"", []], [""k"", [""A""]]], [[""k"", []], [""k"", []], [""k"", []], [""k"", [""A""]], [""k"", [""A""]]], [[""k"", []], [""k"", []], [""k"", []], [""k"", []], [""k"", [""A""]]], [[""k"", []], [""k"", []], [""k"", []], [""k"", [""D""]], [""k"", [""A""]]], [[""k"", []], [""k"", []], [""y"", []], [""k"", []], [""k"", [""A""]]], [[""k"", []], [""k"", []], [""k"", [""S""]], [""k"", []], [""k"", [""A""]]]]}",W!b{fIy{rl}}
2,turning-left-and-right,moves,"{""fields"": [[[""b"", []], [""b"", [""M""]], [""b"", []], [""b"", [""M""]], [""b"", []]], [[""k"", [""M""]], [""k"", [""A""]], [""k"", []], [""k"", [""A""]], [""k"", []]], [[""k"", [""A""]], [""k"", []], [""k"", [""A""]], [""k"", [""M""]], [""k"", [""A""]]], [[""k"", []], [""k"", [""M""]], [""k"", [""S""]], [""k"", []], [""k"", [""M""]]]]}",lrf
3,zig-zag,while,"{""length"": 3, ""fields"": [[[""b"", []], [""b"", []], [""b"", []], [""b"", []], [""b"", []]], [[""k"", [""A""]], [""k"", []], [""k"", [""A""]], [""k"", []], [""k"", [""A""]]], [[""k"", []], [""k"", [""A""]], [""k"", []], [""k"", [""A""]], [""k"", []]], [[""k"", [""A""]], [""k"", []], [""k"", [""A""]], [""k"", []], [""k"", [""A""]]], [[""k"", []], [""k"", [""A""]], [""k"", []], [""k"", [""A""]], [""k"", []]], [[""k"", [""A""]], [""k"", []], [""k"", [""A""]], [""k"", []], [""k"", [""A""]]], [[""k"", []], [""k"", [""A""]], [""k"", []], [""k"", [""A""]], [""k"", []]], [[""k"", [""A""]], [""k"", []], [""k"", [""A""]], [""k"", []], [""k"", [""A""]]], [[""k"", []], [""k"", []], [""k"", [""S""]], [""k"", []], [""k"", []]]]}",W!b{rl}
6,tunnel,world,"{""fields"": [[[""b"", []], [""b"", []], [""b"", []], [""b"", []], [""b"", []]], [[""k"", [""A""]], [""k"", [""A""]], [""k"", [""M""]], [""k"", [""A""]], [""k"", [""A""]]], [[""k"", [""A""]], [""k"", [""A""]], [""k"", [""M""]], [""k"", [""A""]], [""k"", [""A""]]], [[""k"", [""A""]], [""k"", [""A""]], [""k"", [""M""]], [""k"", [""A""]], [""k"", [""A""]]], [[""k"", []], [""k"", [""D""]], [""k"", []], [""k"", []], [""k"", []]], [[""k"", []], [""k"", []], [""k"", []], [""k"", []], [""k"", []]], [[""k"", []], [""k"", []], [""k"", []], [""k"", []], [""k"", []]], [[""k"", []], [""k"", []], [""k"", []], [""k"", [""D""]], [""k"", []]], [[""k"", []], [""k"", []], [""k"", []], [""k"", []], [""k"", []]], [[""k"", []], [""k"", []], [""k"", [""S""]], [""k"", []], [""k"", []]]]}",srlslrsff
15,wormhole-cloud,final-challenge,"{""length"": 3, ""fields"": [[[""b"", [""A""]], [""b"", [""A""]], [""b"", [""A""]], [""b"", []], [""b"", [""A""]]], [[""k"", [""A""]], [""k"", [""M""]], [""k"", [""A""]], [""k"", [""Z""]], [""k"", [""A""]]], [[""k"", [""M""]], [""k"", [""X""]], [""k"", [""M""]], [""k"", [""X""]], [""k"", [""M""]]], [[""k"", [""M""]], [""k"", [""Z""]], [""k"", [""X""]], [""k"", [""Y""]], [""k"", [""M""]]], [[""k"", [""A""]], [""k"", [""M""]], [""k"", [""Y""]], [""k"", [""W""]], [""k"", [""X""]]], [[""k"", [""M""]], [""k"", [""W""]], [""k"", [""M""]], [""k"", [""X""]], [""k"", [""M""]]], [[""k"", [""A""]], [""k"", [""M""]], [""k"", [""S""]], [""k"", [""M""]], [""k"", [""A""]]]]}",R2{lf}
14,beware-of-asteroid,moves,"{""fields"": [[[""b"", [""M""]], [""b"", []], [""b"", [""D""]], [""b"", []], [""b"", []]], [[""k"", []], [""k"", [""M""]], [""k"", [""A""]], [""k"", []], [""k"", [""A""]]], [[""k"", [""A""]], [""k"", []], [""k"", [""D""]], [""k"", [""M""]], [""k"", []]], [[""k"", []], [""k"", []], [""k"", [""S""]], [""k"", []], [""k"", [""M""]]]]}",frl
10,shot,world,"{""fields"": [[[""b"", []], [""b"", [""A""]], [""b"", []], [""b"", [""A""]], [""b"", []]], [[""k"", []], [""k"", [""A""]], [""k"", [""M""]], [""k"", [""A""]], [""k"", []]], [[""k"", []], [""k"", [""A""]], [""k"", []], [""k"", [""A""]], [""k"", []]], [[""k"", []], [""k"", [""A""]], [""k"", [""S""]], [""k"", [""A""]], [""k"", []]]]}",fsf
4,triple-slalom,final-challenge,"{""length"": 6, ""fields"": [[[""b"", []], [""b"", []], [""b"", []], [""b"", []], [""b"", []], [""b"", []]], [[""k"", [""W""]], [""k"", []], [""k"", []], [""k"", []], [""k"", []], [""k"", []]], [[""r"", [""D""]], [""k"", []], [""k"", []], [""k"", []], [""r"", [""D""]], [""k"", []]], [[""k"", []], [""y"", [""D""]], [""k"", []], [""k"", [""X""]], [""k"", []], [""y"", [""D""]]], [[""y"", [""D""]], [""k"", []], [""k"", []], [""r"", [""D""]], [""y"", [""D""]], [""k"", []]], [[""k"", []], [""y"", [""D""]], [""k"", []], [""k"", []], [""y"", [""D""]], [""y"", [""D""]]], [[""y"", [""D""]], [""k"", []], [""k"", []], [""y"", [""D""]], [""y"", [""D""]], [""k"", []]], [[""k"", []], [""y"", [""D""]], [""k"", []], [""k"", []], [""y"", [""D""]], [""y"", [""D""]]], [[""k"", [""S""]], [""k"", []], [""k"", []], [""k"", [""W""]], [""k"", [""X""]], [""k"", []]]]}",R3{W!r{rl}f}f
8,shooting,world,"{""fields"": [[[""b"", [""A""]], [""b"", [""A""]], [""b"", [""A""]], [""b"", []], [""b"", [""A""]]], [[""k"", [""A""]], [""k"", []], [""k"", [""A""]], [""k"", [""M""]], [""k"", [""A""]]], [[""k"", [""A""]], [""k"", []], [""k"", [""A""]], [""k"", [""M""]], [""k"", [""A""]]], [[""k"", [""A""]], [""k"", []], [""k"", [""A""]], [""k"", []], [""k"", [""A""]]], [[""k"", [""A""]], [""k"", []], [""k"", []], [""k"", []], [""k"", [""A""]]], [[""k"", [""A""]], [""k"", []], [""k"", [""S""]], [""k"", []], [""k"", [""A""]]]]}",rfssf
9,diamond-lines,comparing,"{""length"": 4, ""fields"": [[[""b"", []], [""b"", []], [""b"", []], [""b"", []], [""b"", [""D""]]], [[""k"", []], [""k"", []], [""k"", []], [""k"", [""D""]], [""k"", []]], [[""k"", []], [""k"", []], [""k"", [""D""]], [""k"", []], [""k"", []]], [[""k"", []], [""k"", []], [""k"", [""D""]], [""k"", []], [""k"", []]], [[""k"", []], [""k"", [""D""]], [""k"", []], [""k"", []], [""k"", []]], [[""k"", [""W""]], [""k"", []], [""k"", []], [""k"", []], [""k"", [""W""]]], [[""k"", []], [""k"", []], [""k"", []], [""k"", [""D""]], [""k"", []]], [[""k"", []], [""k"", []], [""k"", [""D""]], [""k"", []], [""k"", []]], [[""k"", []], [""k"", []], [""k"", [""D""]], [""k"", []], [""k"", []]], [[""k"", []], [""k"", [""D""]], [""k"", []], [""k"", []], [""k"", []]], [[""k"", [""S""]], [""k"", []], [""k"", []], [""k"", []], [""k"", []]]]}",W!b{Ix=3{f}r}
11,ladder,repeat,"{""length"": 3, ""fields"": [[[""b"", []], [""b"", [""A""]], [""b"", [""M""]], [""b"", [""A""]], [""b"", []]], [[""k"", []], [""k"", [""A""]], [""k"", []], [""k"", [""A""]], [""k"", []]], [[""k"", []], [""k"", [""A""]], [""k"", [""M""]], [""k"", [""A""]], [""k"", []]], [[""k"", []], [""k"", [""A""]], [""k"", []], [""k"", [""A""]], [""k"", []]], [[""k"", []], [""k"", [""A""]], [""k"", [""M""]], [""k"", [""A""]], [""k"", []]], [[""k"", []], [""k"", [""A""]], [""k"", []], [""k"", [""A""]], [""k"", []]], [[""k"", []], [""k"", [""A""]], [""k"", [""M""]], [""k"", [""A""]], [""k"", []]], [[""k"", []], [""k"", [""A""]], [""k"", []], [""k"", [""A""]], [""k"", []]], [[""k"", []], [""k"", [""A""]], [""k"", [""S""]], [""k"", [""A""]], [""k"", []]]], ""energy"": 4}",R4{fs}
12,wormhole-demo,world,"{""fields"": [[[""b"", []], [""b"", []], [""b"", []], [""b"", []], [""b"", []]], [[""k"", []], [""k"", []], [""k"", []], [""k"", []], [""k"", []]], [[""k"", [""W""]], [""k"", []], [""k"", [""A""]], [""k"", [""A""]], [""k"", [""A""]]], [[""k"", [""A""]], [""k"", [""A""]], [""k"", [""A""]], [""k"", []], [""k"", [""W""]]], [[""k"", []], [""k"", []], [""k"", []], [""k"", []], [""k"", []]], [[""k"", []], [""k"", []], [""k"", [""S""]], [""k"", []], [""k"", []]]]}",rrff
13,n,repeat,"{""length"": 6, ""fields"": [[[""b"", []], [""b"", []], [""b"", []], [""b"", []], [""b"", []]], [[""k"", [""W"", ""D""]], [""k"", []], [""k"", []], [""k"", []], [""k"", [""D""]]], [[""k"", [""D""]], [""k"", [""X"", ""D""]], [""k"", []], [""k"", []], [""k"", [""D""]]], [[""k"", [""D""]], [""k"", []], [""k"", [""D""]], [""k"", []], [""k"", [""D""]]], [[""k"", [""D""]], [""k"", []], [""k"", []], [""k"", [""D""]], [""k"", [""X"", ""D""]]], [[""k"", [""S""]], [""k"", []], [""k"", []], [""k"", []], [""k"", [""W"", ""D""]]]]}",R4{f}R3{l}R4{f}
19,2diamonds-2meteorids,world,"{""fields"": [[[""b"", []], [""b"", []], [""b"", []], [""b"", []], [""b"", []]], [[""k"", [""W""]], [""k"", [""A""]], [""k"", [""A""]], [""k"", []], [""k"", []]], [[""k"", []], [""k"", [""D""]], [""k"", [""M""]], [""k"", [""A""]], [""k"", [""A""]]], [[""k"", []], [""k"", [""D""]], [""k"", [""M""]], [""k"", [""A""]], [""k"", [""A""]]], [[""k"", []], [""k"", []], [""k"", []], [""k"", []], [""k"", []]], [[""k"", []], [""k"", []], [""k"", [""S""]], [""k"", []], [""k"", [""W""]]]]}",slflllsrf
20,five-diamonds,final-challenge,"{""length"": 5, ""fields"": [[[""b"", []], [""b"", []], [""b"", []], [""b"", []], [""b"", []]], [[""k"", []], [""k"", [""X""]], [""k"", [""D""]], [""k"", []], [""k"", []]], [[""k"", [""W""]], [""y"", [""D""]], [""y"", [""D""]], [""k"", []], [""k"", []]], [[""y"", [""D""]], [""k"", []], [""k"", [""D""]], [""k"", []], [""k"", []]], [[""k"", []], [""k"", []], [""k"", []], [""k"", []], [""k"", [""X""]]], [[""k"", []], [""k"", []], [""k"", []], [""k"", []], [""k"", [""W""]]], [[""k"", []], [""k"", []], [""k"", []], [""k"", []], [""k"", []]], [[""k"", []], [""k"", []], [""k"", []], [""k"", []], [""k"", [""S""]]]]}",R3{W!y{l}f}f
21,steal-the-nose,repeat,"{""length"": 4, ""fields"": [[[""b"", []], [""b"", []], [""b"", []], [""b"", []], [""b"", []]], [[""k"", []], [""k"", [""W""]], [""k"", []], [""k"", [""W""]], [""k"", []]], [[""k"", []], [""k"", []], [""k"", []], [""k"", []], [""k"", []]], [[""k"", []], [""k"", []], [""y"", [""D""]], [""k"", []], [""k"", []]], [[""r"", [""A""]], [""k"", []], [""k"", []], [""k"", []], [""r"", [""A""]]], [[""k"", []], [""r"", [""A""]], [""r"", [""A""]], [""r"", [""A""]], [""k"", []]], [[""k"", [""S""]], [""k"", []], [""k"", []], [""k"", []], [""k"", []]]]}",fR4{r}f
17,yellow-is-not-red,while,"{""length"": 6, ""fields"": [[[""b"", []], [""b"", []], [""b"", []], [""b"", []], [""b"", []]], [[""k"", []], [""k"", []], [""k"", []], [""k"", [""D""]], [""k"", []]], [[""k"", []], [""k"", []], [""k"", []], [""y"", []], [""k"", []]], [[""k"", []], [""k"", []], [""k"", [""D""]], [""k"", []], [""k"", []]], [[""k"", []], [""k"", [""D""]], [""k"", []], [""k"", []], [""k"", []]], [[""k"", [""D""]], [""k"", []], [""k"", []], [""k"", []], [""k"", []]], [[""k"", []], [""r"", []], [""k"", []], [""k"", []], [""k"", []]], [[""k"", []], [""k"", []], [""r"", []], [""k"", []], [""k"", []]], [[""k"", []], [""k"", []], [""k"", []], [""r"", []], [""k"", []]], [[""k"", []], [""k"", []], [""k"", []], [""k"", []], [""r"", [""S""]]]]}",Wr{l}W!y{r}ff
23,dont-forget-shot,world,"{""fields"": [[[""b"", []], [""b"", []], [""b"", []], [""b"", []], [""b"", []]], [[""k"", []], [""k"", [""M""]], [""k"", [""A""]], [""k"", [""A""]], [""k"", [""A""]]], [[""k"", []], [""k"", []], [""k"", []], [""k"", []], [""k"", []]], [[""k"", []], [""k"", []], [""k"", []], [""k"", [""D""]], [""k"", []]], [[""k"", []], [""k"", []], [""k"", []], [""k"", []], [""k"", []]], [[""k"", []], [""k"", []], [""k"", []], [""k"", []], [""k"", []]], [[""k"", []], [""k"", []], [""k"", []], [""k"", []], [""k"", []]], [[""k"", []], [""k"", []], [""k"", [""S""]], [""k"", []], [""k"", []]]]}",lsrrllf
25,three-steps-forward,moves,"{""fields"": [[[""b"", []], [""b"", []], [""b"", []], [""b"", []], [""b"", []]], [[""k"", []], [""k"", []], [""k"", []], [""k"", []], [""k"", []]], [[""k"", []], [""k"", []], [""k"", []], [""k"", []], [""k"", []]], [[""k"", []], [""k"", []], [""k"", [""S""]], [""k"", []], [""k"", []]]]}",fff
26,turning-right-and-left,moves,"{""fields"": [[[""b"", []], [""b"", [""M""]], [""b"", []], [""b"", [""M""]], [""b"", [""A""]]], [[""k"", []], [""k"", [""A""]], [""k"", [""A""]], [""k"", []], [""k"", [""M""]]], [[""k"", [""A""]], [""k"", [""M""]], [""k"", []], [""k"", [""M""]], [""k"", [""A""]]], [[""k"", [""M""]], [""k"", []], [""k"", [""S""]], [""k"", [""M""]], [""k"", []]]]}",frl
27,on-yellow-to-left,if,"{""length"": 4, ""fields"": [[[""b"", []], [""b"", []], [""b"", []], [""b"", []], [""b"", []]], [[""k"", []], [""k"", [""A""]], [""k"", [""A""]], [""k"", [""A""]], [""k"", [""A""]]], [[""k"", [""A""]], [""y"", []], [""k"", []], [""k"", []], [""k"", []]], [[""k"", []], [""k"", []], [""k"", []], [""k"", []], [""k"", []]], [[""k"", []], [""k"", []], [""k"", []], [""k"", []], [""k"", []]], [[""k"", []], [""k"", []], [""k"", [""A""]], [""k"", [""A""]], [""k"", [""A""]]], [[""k"", [""A""]], [""k"", [""A""]], [""y"", []], [""k"", []], [""k"", []]], [[""k"", []], [""k"", []], [""k"", []], [""k"", []], [""k"", []]], [[""k"", []], [""k"", []], [""k"", [""S""]], [""k"", []], [""k"", []]]]}",W!b{fIy{l}}
28,slalom-position-testing,comparing,"{""length"": 5, ""fields"": [[[""b"", []], [""b"", [""D""]], [""b"", []], [""b"", []], [""b"", []]], [[""k"", [""D""]], [""k"", []], [""k"", []], [""k"", []], [""k"", []]], [[""k"", []], [""k"", [""D""]], [""k"", []], [""k"", []], [""k"", []]], [[""k"", [""D""]], [""k"", []], [""k"", []], [""k"", []], [""k"", []]], [[""k"", []], [""k"", [""D""]], [""k"", []], [""k"", []], [""k"", []]], [[""k"", []], [""k"", []], [""k"", [""D""]], [""k"", []], [""k"", []]], [[""k"", []], [""k"", [""D""]], [""k"", []], [""k"", []], [""k"", []]], [[""k"", []], [""k"", []], [""k"", [""D""]], [""k"", []], [""k"", []]], [[""k"", []], [""k"", []], [""k"", []], [""k"", [""S""]], [""k"", []]]]}",W!b{lIx>1{l}r}
30,edge-wormholes,final-challenge,"{""length"": 6, ""fields"": [[[""b"", []], [""b"", []], [""b"", []], [""b"", []], [""b"", []], [""b"", []]], [[""k"", []], [""k"", [""D""]], [""k"", []], [""k"", []], [""k"", []], [""k"", [""Z""]]], [[""k"", [""X""]], [""k"", []], [""k"", [""D""]], [""k"", []], [""k"", [""D""]], [""k"", []]], [[""k"", [""Y""]], [""k"", [""D""]], [""k"", []], [""k"", [""D""]], [""k"", []], [""k"", []]], [[""k"", []], [""k"", [""D""]], [""k"", [""D""]], [""k"", []], [""k"", [""D""]], [""k"", [""W""]]], [[""k"", []], [""k"", [""D""]], [""k"", [""D""]], [""k"", [""D""]], [""k"", [""D""]], [""k"", [""Z""]]], [[""k"", [""Y""]], [""k"", []], [""k"", []], [""k"", [""D""]], [""k"", [""D""]], [""k"", []]], [[""k"", []], [""k"", []], [""k"", [""D""]], [""k"", []], [""k"", [""D""]], [""k"", [""W""]]], [[""k"", []], [""k"", [""D""]], [""k"", []], [""k"", []], [""k"", []], [""k"", [""X""]]], [[""k"", [""S""]], [""k"", []], [""k"", []], [""k"", []], [""k"", []], [""k"", []]]]}",R5{Ix=1{R5{r}}/{R5{l}}}
31,diamond-on-right,moves,"{""fields"": [[[""b"", []], [""b"", [""M""]], [""b"", []], [""b"", []], [""b"", []]], [[""k"", []], [""k"", []], [""k"", []], [""k"", [""A""]], [""k"", []]], [[""k"", [""A""]], [""k"", []], [""k"", []], [""k"", []], [""k"", [""D""]]], [[""k"", []], [""k"", [""M""]], [""k"", []], [""k"", []], [""k"", []]], [[""k"", []], [""k"", []], [""k"", [""S""]], [""k"", []], [""k"", [""M""]]]]}",rrff
1,diamonds-in-meteoroid-cloud,repeat,"{""length"": 4, ""fields"": [[[""b"", []], [""b"", []], [""b"", []], [""b"", []], [""b"", []]], [[""k"", []], [""k"", []], [""k"", []], [""k"", [""M""]], [""k"", [""D""]]], [[""k"", []], [""k"", []], [""k"", []], [""k"", [""M""]], [""k"", [""M""]]], [[""k"", []], [""k"", []], [""k"", [""M""]], [""k"", [""D""]], [""k"", [""M""]]], [[""k"", []], [""k"", []], [""k"", [""M""]], [""k"", [""M""]], [""k"", []]], [[""k"", []], [""k"", [""M""]], [""k"", [""D""]], [""k"", [""M""]], [""k"", []]], [[""k"", []], [""k"", [""M""]], [""k"", [""M""]], [""k"", []], [""k"", []]], [[""k"", [""M""]], [""k"", [""D""]], [""k"", [""M""]], [""k"", []], [""k"", []]], [[""k"", [""M""]], [""k"", [""M""]], [""k"", []], [""k"", []], [""k"", []]], [[""k"", [""S""]], [""k"", []], [""k"", []], [""k"", []], [""k"", []]]]}",R4{sr}f
35,six-diamonds,final-challenge,"{""length"": 4, ""fields"": [[[""b"", []], [""b"", []], [""b"", []], [""b"", []]], [[""k"", []], [""k"", []], [""k"", [""W""]], [""k"", []]], [[""k"", []], [""k"", [""D""]], [""k"", [""D""]], [""k"", []]], [[""k"", []], [""k"", [""D""]], [""k"", [""D""]], [""k"", []]], [[""k"", []], [""k"", [""D""]], [""k"", [""D""]], [""k"", []]], [[""k"", [""S""]], [""k"", []], [""k"", []], [""k"", [""W""]]]]}",W!b{Ix<3{r}/{l}}
36,cross-2,final-challenge,"{""length"": 11, ""fields"": [[[""b"", []], [""b"", []], [""b"", []], [""b"", []], [""b"", []]], [[""k"", [""D""]], [""k"", []], [""k"", []], [""k"", []], [""k"", [""W""]]], [[""k"", []], [""k"", [""A""]], [""k"", [""A""]], [""k"", [""A""]], [""k"", []]], [[""k"", []], [""k"", [""D""]], [""k"", []], [""k"", [""D""]], [""k"", []]], [[""k"", []], [""k"", []], [""k"", []], [""k"", []], [""k"", []]], [[""k"", []], [""k"", []], [""k"", [""D""]], [""k"", []], [""k"", []]], [[""k"", []], [""k"", []], [""k"", []], [""k"", []], [""k"", []]], [[""k"", []], [""k"", [""D""]], [""k"", []], [""k"", [""D""]], [""k"", []]], [[""k"", []], [""k"", [""A""]], [""k"", [""A""]], [""k"", [""A""]], [""k"", []]], [[""k"", [""S""]], [""k"", []], [""k"", []], [""k"", []], [""k"", [""W""]]]]}",R5{Ix!=4{f}Ix!=5{r}}R5{Ix!=2{f}Ix!=1{l}}f
37,big-slalom,loops,"{""length"": 5, ""fields"": [[[""b"", [""D""]], [""b"", []], [""b"", []], [""b"", []]], [[""k"", []], [""k"", [""D""]], [""k"", []], [""k"", []]], [[""k"", []], [""k"", []], [""k"", [""D""]], [""k"", []]], [[""k"", []], [""k"", []], [""k"", []], [""k"", [""D""]]], [[""k"", []], [""k"", []], [""k"", [""D""]], [""k"", []]], [[""k"", []], [""k"", [""D""]], [""k"", []], [""k"", []]], [[""k"", [""D""]], [""k"", []], [""k"", []], [""k"", []]], [[""k"", []], [""k"", [""D""]], [""k"", []], [""k"", []]], [[""k"", []], [""k"", []], [""k"", [""D""]], [""k"", []]], [[""k"", []], [""k"", []], [""k"", []], [""k"", [""D""]]], [[""k"", []], [""k"", []], [""k"", [""D""]], [""k"", []]], [[""k"", []], [""k"", [""D""]], [""k"", []], [""k"", []]], [[""k"", [""S""]], [""k"", []], [""k"", []], [""k"", []]]]}",R2{R3{r}R3{l}}
38,direction-change,while,"{""length"": 4, ""fields"": [[[""b"", []], [""b"", []], [""b"", []], [""b"", []], [""b"", []]], [[""k"", []], [""k"", []], [""k"", []], [""k"", []], [""k"", []]], [[""k"", [""A""]], [""k"", [""A""]], [""k"", []], [""k"", [""A""]], [""k"", [""A""]]], [[""k"", []], [""k"", []], [""k"", []], [""k"", []], [""k"", []]], [[""k"", [""A""]], [""k"", [""A""]], [""k"", [""A""]], [""k"", [""A""]], [""y"", []]], [[""k"", []], [""k"", []], [""k"", []], [""k"", []], [""k"", []]], [[""k"", []], [""k"", []], [""k"", []], [""k"", []], [""k"", []]], [[""k"", []], [""k"", []], [""k"", []], [""k"", []], [""k"", []]], [[""k"", []], [""k"", []], [""k"", []], [""k"", []], [""k"", []]], [[""k"", []], [""k"", []], [""k"", []], [""k"", []], [""k"", []]], [[""k"", []], [""k"", []], [""k"", []], [""k"", []], [""k"", [""S""]]]]}",W!y{f}W!b{l}
86,diamond-path,moves,"{""fields"": [[[""b"", []], [""b"", []], [""b"", []], [""b"", [""D""]], [""b"", []]], [[""k"", []], [""k"", []], [""k"", [""D""]], [""k"", []], [""k"", []]], [[""k"", []], [""k"", [""D""]], [""k"", []], [""k"", []], [""k"", []]], [[""k"", []], [""k"", []], [""k"", [""D""]], [""k"", []], [""k"", []]], [[""k"", []], [""k"", []], [""k"", []], [""k"", [""D""]], [""k"", []]], [[""k"", []], [""k"", []], [""k"", [""D""]], [""k"", []], [""k"", []]], [[""k"", []], [""k"", []], [""k"", [""S""]], [""k"", []], [""k"", []]]]}",frllrr
41,yellow-hint,while,"{""length"": 4, ""fields"": [[[""b"", []], [""b"", []], [""b"", []], [""b"", []], [""b"", []]], [[""k"", []], [""k"", []], [""k"", []], [""k"", [""D""]], [""k"", []]], [[""k"", []], [""k"", []], [""k"", []], [""k"", [""D""]], [""k"", []]], [[""k"", []], [""k"", []], [""k"", []], [""k"", [""D""]], [""k"", []]], [[""k"", []], [""k"", []], [""k"", []], [""k"", [""D""]], [""k"", []]], [[""k"", []], [""k"", []], [""y"", [""D""]], [""k"", []], [""k"", []]], [[""k"", []], [""y"", [""D""]], [""k"", []], [""k"", []], [""k"", []]], [[""y"", [""S""]], [""k"", []], [""k"", []], [""k"", []], [""k"", []]]]}",Wy{r}W!b{f}
43,colorful-flowers,if-else,"{""length"": 6, ""fields"": [[[""b"", []], [""b"", []], [""b"", []], [""b"", []], [""b"", []], [""b"", []]], [[""k"", []], [""k"", [""W""]], [""k"", []], [""k"", []], [""k"", []], [""k"", []]], [[""k"", []], [""y"", [""D""]], [""k"", []], [""k"", []], [""k"", []], [""k"", []]], [[""r"", [""D""]], [""k"", []], [""r"", []], [""k"", []], [""k"", []], [""k"", []]], [[""k"", []], [""g"", [""D""]], [""k"", []], [""k"", []], [""y"", [""D""]], [""k"", []]], [[""k"", []], [""k"", []], [""k"", []], [""g"", []], [""k"", []], [""g"", [""D""]]], [[""k"", []], [""y"", [""D""]], [""k"", []], [""k"", []], [""r"", [""D""]], [""k"", []]], [[""r"", [""D""]], [""k"", []], [""y"", []], [""k"", []], [""k"", []], [""k"", []]], [[""k"", []], [""g"", [""D""]], [""k"", []], [""k"", []], [""k"", [""W""]], [""k"", []]], [[""k"", []], [""k"", [""S""]], [""k"", []], [""k"", []], [""k"", []], [""k"", []]]]}",W!b{Ir{r}/{Ig{l}/{f}}}
75,bouncing-from-edge,if-else,"{""length"": 5, ""fields"": [[[""b"", []], [""b"", []], [""b"", [""D""]], [""b"", []], [""b"", []]], [[""k"", []], [""k"", []], [""k"", []], [""k"", [""D""]], [""k"", []]], [[""k"", []], [""k"", []], [""k"", []], [""k"", []], [""k"", [""D""]]], [[""k"", []], [""k"", []], [""k"", []], [""k"", [""D""]], [""k"", []]], [[""k"", []], [""k"", []], [""k"", []], [""k"", []], [""k"", [""D""]]], [[""k"", []], [""k"", []], [""k"", []], [""k"", [""D""]], [""k"", []]], [[""k"", []], [""k"", []], [""k"", []], [""k"", []], [""k"", [""D""]]], [[""k"", []], [""k"", []], [""k"", []], [""k"", [""D""]], [""k"", []]], [[""k"", []], [""k"", []], [""k"", [""D""]], [""k"", []], [""k"", []]], [[""k"", []], [""k"", [""S""]], [""k"", []], [""k"", []], [""k"", []]]]}",R8{Ix=5{l}/{r}}l
40,plan-your-shooting,final-challenge,"{""length"": 5, ""fields"": [[[""b"", [""A""]], [""b"", [""W""]], [""b"", [""A""]], [""b"", [""M""]], [""b"", [""A""]]], [[""k"", [""A""]], [""k"", [""D""]], [""k"", [""A""]], [""k"", [""D""]], [""k"", [""A""]]], [[""k"", [""A""]], [""k"", [""M""]], [""k"", [""A""]], [""k"", [""M""]], [""k"", [""A""]]], [[""k"", [""A""]], [""k"", [""M""]], [""k"", [""A""]], [""k"", [""M""]], [""k"", [""A""]]], [[""k"", []], [""k"", []], [""k"", []], [""k"", []], [""k"", []]], [[""k"", []], [""k"", []], [""k"", []], [""k"", []], [""k"", []]], [[""k"", []], [""k"", []], [""k"", []], [""k"", []], [""k"", []]], [[""k"", []], [""k"", []], [""k"", []], [""k"", []], [""k"", []]], [[""k"", []], [""k"", []], [""k"", []], [""k"", []], [""k"", []]], [[""k"", []], [""k"", []], [""k"", []], [""k"", []], [""k"", []]], [[""k"", []], [""k"", [""S""]], [""k"", []], [""k"", [""W""]], [""k"", []]]], ""energy"": 5}",R5{R3{f}s}
44,turning-left,moves,"{""fields"": [[[""b"", [""M""]], [""b"", []], [""b"", []], [""b"", [""M""]], [""b"", []]], [[""k"", [""A""]], [""k"", []], [""k"", [""M""]], [""k"", []], [""k"", [""A""]]], [[""k"", []], [""k"", []], [""k"", [""A""]], [""k"", [""M""]], [""k"", []]], [[""k"", [""M""]], [""k"", []], [""k"", [""S""]], [""k"", []], [""k"", [""A""]]]]}",lff
85,chessboard,comparing,"{""length"": 4, ""fields"": [[[""b"", [""Y""]], [""b"", []], [""b"", []], [""b"", []], [""b"", []]], [[""k"", [""D""]], [""k"", []], [""k"", [""D""]], [""k"", []], [""k"", []]], [[""k"", [""X""]], [""k"", [""D""]], [""k"", []], [""k"", [""D""]], [""k"", []]], [[""k"", [""D""]], [""k"", []], [""k"", [""D""]], [""k"", []], [""k"", [""Y""]]], [[""k"", [""W""]], [""k"", [""D""]], [""k"", []], [""k"", [""D""]], [""k"", []]], [[""k"", [""D""]], [""k"", []], [""k"", [""D""]], [""k"", []], [""k"", [""X""]]], [[""k"", []], [""k"", [""D""]], [""k"", []], [""k"", [""D""]], [""k"", []]], [[""k"", []], [""k"", []], [""k"", [""S""]], [""k"", []], [""k"", [""W""]]]]}",W!b{lIx=1{f}}
51,one-step-forward,moves,"{""fields"": [[[""b"", []], [""b"", []], [""b"", []]], [[""k"", []], [""k"", [""S""]], [""k"", []]]]}",f
47,arrow,loops,"{""fields"": [[[""b"", []], [""b"", []], [""b"", []], [""b"", []], [""b"", []]], [[""k"", [""D""]], [""k"", []], [""k"", []], [""k"", []], [""k"", []]], [[""k"", []], [""k"", [""M""]], [""k"", []], [""k"", []], [""k"", []]], [[""k"", []], [""k"", []], [""k"", [""D""]], [""k"", []], [""k"", []]], [[""k"", []], [""k"", []], [""k"", []], [""k"", [""D""]], [""k"", []]], [[""k"", [""W""]], [""k"", []], [""k"", [""A""]], [""k"", [""A""]], [""k"", [""M""]]], [[""k"", []], [""k"", []], [""k"", []], [""k"", [""D""]], [""k"", []]], [[""k"", []], [""k"", []], [""k"", [""D""]], [""k"", []], [""k"", []]], [[""k"", []], [""k"", [""D""]], [""k"", []], [""k"", []], [""k"", []]], [[""k"", [""D""]], [""k"", []], [""k"", []], [""k"", []], [""k"", []]], [[""k"", []], [""k"", []], [""k"", []], [""k"", []], [""k"", []]], [[""k"", [""W""]], [""k"", []], [""k"", []], [""k"", []], [""k"", [""S""]]]], ""energy"": 2}",sR3{l}slR2{f}R4{r}R4{l}f
48,edge-to-edge,comparing,"{""length"": 5, ""fields"": [[[""b"", []], [""b"", []], [""b"", []], [""b"", []], [""b"", []]], [[""k"", []], [""k"", [""D""]], [""k"", []], [""k"", []], [""k"", []]], [[""k"", []], [""k"", []], [""k"", [""D""]], [""k"", []], [""k"", []]], [[""k"", []], [""k"", []], [""k"", []], [""k"", [""D""]], [""k"", []]], [[""k"", []], [""k"", []], [""k"", []], [""k"", []], [""k"", [""D""]]], [[""k"", []], [""k"", []], [""k"", []], [""k"", [""D""]], [""k"", []]], [[""k"", []], [""k"", [""W""]], [""k"", [""D""]], [""k"", []], [""k"", []]], [[""k"", []], [""k"", [""D""]], [""k"", [""D""]], [""k"", []], [""k"", []]], [[""k"", [""D""]], [""k"", []], [""k"", []], [""k"", [""D""]], [""k"", []]], [[""k"", []], [""k"", [""D""]], [""k"", []], [""k"", []], [""k"", [""D""]]], [[""k"", []], [""k"", []], [""k"", [""D""]], [""k"", [""D""]], [""k"", []]], [[""k"", []], [""k"", []], [""k"", [""D""]], [""k"", [""W""]], [""k"", []]], [[""k"", []], [""k"", [""S""]], [""k"", []], [""k"", []], [""k"", []]]]}",W!b{Wx<5{r}Wx>1{l}}
49,turning-right,moves,"{""fields"": [[[""b"", []], [""b"", [""M""]], [""b"", []], [""b"", []], [""b"", [""M""]]], [[""k"", [""A""]], [""k"", []], [""k"", [""M""]], [""k"", []], [""k"", [""A""]]], [[""k"", []], [""k"", [""M""]], [""k"", [""A""]], [""k"", []], [""k"", []]], [[""k"", [""A""]], [""k"", []], [""k"", [""S""]], [""k"", []], [""k"", [""M""]]]]}",rff
50,double-bend,loops,"{""length"": 5, ""fields"": [[[""b"", []], [""b"", []], [""b"", []], [""b"", []], [""b"", [""D""]]], [[""k"", []], [""k"", []], [""k"", []], [""k"", [""D""]], [""k"", [""W""]]], [[""k"", []], [""k"", []], [""k"", [""D""]], [""k"", [""D""]], [""k"", []]], [[""k"", []], [""k"", [""D""]], [""k"", [""D""]], [""k"", []], [""k"", []]], [[""k"", [""D""]], [""k"", [""D""]], [""k"", []], [""k"", []], [""k"", []]], [[""k"", [""D""]], [""k"", [""D""]], [""k"", []], [""k"", []], [""k"", []]], [[""k"", []], [""k"", [""D""]], [""k"", [""D""]], [""k"", []], [""k"", []]], [[""k"", []], [""k"", []], [""k"", [""D""]], [""k"", [""D""]], [""k"", []]], [[""k"", []], [""k"", []], [""k"", []], [""k"", [""D""]], [""k"", [""W""]]], [[""k"", []], [""k"", []], [""k"", []], [""k"", []], [""k"", [""S""]]]]}",R2{R4{l}R4{r}}
46,find-the-path,repeat,"{""length"": 4, ""fields"": [[[""b"", []], [""b"", [""A""]], [""b"", []], [""b"", [""A""]], [""b"", []]], [[""k"", [""M""]], [""k"", [""M""]], [""k"", [""A""]], [""k"", []], [""k"", [""M""]]], [[""k"", [""M""]], [""k"", []], [""k"", [""A""]], [""k"", []], [""k"", [""M""]]], [[""k"", []], [""k"", [""A""]], [""k"", []], [""k"", [""A""]], [""k"", []]], [[""k"", [""A""]], [""k"", [""M""]], [""k"", [""M""]], [""k"", [""A""]], [""k"", [""A""]]], [[""k"", []], [""k"", []], [""k"", [""M""]], [""k"", []], [""k"", []]], [[""k"", []], [""k"", [""A""]], [""k"", []], [""k"", [""A""]], [""k"", []]], [[""k"", [""M""]], [""k"", [""M""]], [""k"", [""M""]], [""k"", []], [""k"", [""M""]]], [[""k"", [""A""]], [""k"", []], [""k"", [""A""]], [""k"", [""M""]], [""k"", [""A""]]], [[""k"", []], [""k"", []], [""k"", [""S""]], [""k"", []], [""k"", []]]]}",R3{lsr}
56,diamond-cross,loops,"{""length"": 5, ""fields"": [[[""b"", []], [""b"", []], [""b"", []], [""b"", []], [""b"", []]], [[""k"", [""W""]], [""k"", []], [""k"", []], [""k"", []], [""k"", []]], [[""k"", []], [""k"", [""D""]], [""k"", []], [""k"", [""D""]], [""k"", []]], [[""k"", []], [""k"", []], [""k"", [""D""]], [""k"", []], [""k"", []]], [[""k"", []], [""k"", [""D""]], [""k"", []], [""k"", [""D""]], [""k"", []]], [[""k"", [""W""]], [""k"", []], [""k"", []], [""k"", []], [""k"", [""S""]]]]}",R4{l}R4{r}f
53,direct-flight-ahead,while,"{""length"": 2, ""fields"": [[[""b"", []], [""b"", []], [""b"", []], [""b"", [""D""]], [""b"", []]], [[""k"", []], [""k"", [""W""]], [""k"", []], [""k"", []], [""k"", []]], [[""k"", []], [""k"", []], [""k"", []], [""k"", [""D""]], [""k"", []]], [[""k"", []], [""k"", [""D""]], [""k"", []], [""k"", []], [""k"", []]], [[""k"", []], [""k"", []], [""k"", []], [""k"", [""D""]], [""k"", []]], [[""k"", []], [""k"", [""D""]], [""k"", []], [""k"", []], [""k"", []]], [[""k"", []], [""k"", []], [""k"", []], [""k"", [""D""]], [""k"", []]], [[""k"", []], [""k"", [""D""]], [""k"", []], [""k"", []], [""k"", []]], [[""k"", []], [""k"", []], [""k"", []], [""k"", [""D""]], [""k"", []]], [[""k"", []], [""k"", [""S""]], [""k"", []], [""k"", [""W""]], [""k"", []]]]}",W!b{f}
57,stairs,repeat,"{""length"": 6, ""fields"": [[[""b"", []], [""b"", []], [""b"", []], [""b"", []], [""b"", []]], [[""k"", []], [""k"", []], [""k"", []], [""k"", []], [""k"", [""D""]]], [[""k"", []], [""k"", []], [""k"", []], [""k"", []], [""k"", [""D""]]], [[""k"", []], [""k"", []], [""k"", []], [""k"", [""D""]], [""k"", []]], [[""k"", []], [""k"", []], [""k"", []], [""k"", [""D""]], [""k"", []]], [[""k"", []], [""k"", []], [""k"", [""D""]], [""k"", []], [""k"", []]], [[""k"", []], [""k"", []], [""k"", [""D""]], [""k"", []], [""k"", []]], [[""k"", []], [""k"", [""D""]], [""k"", []], [""k"", []], [""k"", []]], [[""k"", []], [""k"", [""D""]], [""k"", []], [""k"", []], [""k"", []]], [[""k"", [""D""]], [""k"", []], [""k"", []], [""k"", []], [""k"", []]], [[""k"", [""D""]], [""k"", []], [""k"", []], [""k"", []], [""k"", []]], [[""k"", [""S""]], [""k"", []], [""k"", []], [""k"", []], [""k"", []]]]}",fR4{fr}R2{f}
54,diagonal-diamonds,final-challenge,"{""length"": 6, ""fields"": [[[""b"", []], [""b"", []], [""b"", []], [""b"", []], [""b"", []], [""b"", []]], [[""k"", []], [""k"", []], [""k"", []], [""y"", [""D""]], [""k"", []], [""k"", []]], [[""k"", []], [""k"", []], [""k"", []], [""k"", [""W""]], [""y"", [""D""]], [""k"", []]], [[""k"", []], [""k"", []], [""y"", [""D""]], [""k"", []], [""k"", []], [""y"", [""D""]]], [[""k"", []], [""y"", [""D""]], [""k"", []], [""k"", []], [""k"", []], [""k"", []]], [[""y"", [""D""]], [""k"", []], [""k"", []], [""k"", []], [""k"", []], [""k"", []]], [[""k"", [""S""]], [""k"", []], [""k"", []], [""k"", []], [""k"", []], [""k"", [""W""]]]]}",W!b{Iy{Ix<4{r}/{l}}/{f}}
55,color-slalom,loops,"{""length"": 6, ""fields"": [[[""b"", []], [""b"", []], [""b"", []], [""b"", []], [""b"", []]], [[""k"", []], [""r"", [""D""]], [""k"", []], [""k"", []], [""k"", []]], [[""k"", []], [""k"", []], [""k"", []], [""k"", []], [""k"", []]], [[""k"", []], [""k"", []], [""k"", []], [""k"", []], [""k"", []]], [[""k"", []], [""k"", []], [""k"", []], [""k"", []], [""y"", [""D""]]], [[""k"", []], [""k"", []], [""k"", []], [""k"", []], [""k"", []]], [[""k"", []], [""k"", []], [""k"", []], [""k"", []], [""k"", []]], [[""k"", []], [""r"", [""D""]], [""k"", []], [""k"", []], [""k"", []]], [[""k"", []], [""k"", []], [""k"", []], [""k"", []], [""k"", []]], [[""k"", []], [""k"", []], [""k"", []], [""y"", [""D""]], [""k"", []]], [[""k"", []], [""k"", []], [""k"", []], [""k"", []], [""k"", []]], [[""k"", []], [""k"", []], [""k"", []], [""k"", []], [""k"", []]], [[""k"", [""S""]], [""k"", []], [""k"", []], [""k"", []], [""k"", []]]]}",R2{W!y{r}W!r{l}}f
62,two-bit-instructions,final-challenge,"{""length"": 10, ""fields"": [[[""b"", []], [""b"", []], [""b"", []], [""b"", []], [""b"", []], [""b"", []]], [[""k"", [""A""]], [""k"", [""W""]], [""k"", [""A""]], [""k"", [""A""]], [""k"", [""M""]], [""k"", [""A""]]], [[""k"", [""A""]], [""k"", [""D""]], [""k"", [""A""]], [""k"", [""A""]], [""k"", [""M""]], [""k"", [""A""]]], [[""k"", []], [""k"", []], [""y"", [""D""]], [""k"", []], [""r"", []], [""k"", []]], [[""k"", []], [""k"", []], [""y"", []], [""k"", []], [""k"", []], [""y"", [""D""]]], [[""k"", []], [""k"", []], [""k"", []], [""k"", []], [""k"", []], [""y"", []]], [[""k"", []], [""r"", [""D""]], [""k"", []], [""k"", []], [""k"", []], [""k"", []]], [[""k"", []], [""y"", []], [""k"", []], [""k"", []], [""r"", []], [""k"", []]], [[""k"", []], [""k"", []], [""k"", []], [""k"", []], [""y"", []], [""k"", []]], [[""r"", [""D""]], [""k"", []], [""k"", []], [""k"", []], [""k"", []], [""k"", []]], [[""y"", []], [""k"", []], [""k"", []], [""k"", []], [""r"", []], [""k"", []]], [[""k"", [""S""]], [""k"", []], [""k"", []], [""k"", []], [""k"", [""W""]], [""k"", []]]], ""energy"": 2}",W!b{Iy{fIy{l}/{r}}/{Ir{s}/{f}}}
59,two-diamonds,if,"{""length"": 4, ""fields"": [[[""b"", []], [""b"", []], [""b"", []], [""b"", []]], [[""k"", [""A""]], [""k"", [""A""]], [""k"", []], [""k"", [""A""]]], [[""k"", [""W""]], [""k"", []], [""k"", []], [""k"", []]], [[""k"", []], [""k"", []], [""k"", []], [""k"", []]], [[""k"", [""D""]], [""k"", []], [""k"", [""D""]], [""k"", []]], [[""k"", [""M""]], [""y"", []], [""k"", [""M""]], [""y"", []]], [[""k"", []], [""k"", []], [""k"", []], [""k"", []]], [[""k"", []], [""k"", []], [""k"", []], [""k"", []]], [[""k"", []], [""k"", []], [""k"", []], [""k"", [""W""]]], [[""k"", []], [""k"", []], [""k"", []], [""k"", []]], [[""k"", []], [""k"", [""S""]], [""k"", []], [""k"", []]]]}",W!b{fIy{l}}
60,red-shooting,if,"{""length"": 6, ""fields"": [[[""b"", []], [""b"", []], [""b"", []], [""b"", []], [""b"", []], [""b"", []]], [[""k"", [""A""]], [""k"", [""A""]], [""k"", [""A""]], [""k"", [""A""]], [""k"", [""A""]], [""k"", [""M""]]], [[""k"", []], [""k"", []], [""k"", [""W""]], [""k"", []], [""k"", []], [""k"", []]], [[""k"", []], [""y"", []], [""k"", []], [""k"", []], [""k"", []], [""r"", []]], [[""k"", [""M""]], [""k"", [""M""]], [""k"", [""A""]], [""k"", []], [""y"", []], [""k"", []]], [[""k"", []], [""k"", []], [""k"", [""A""]], [""k"", []], [""k"", []], [""k"", []]], [[""k"", []], [""r"", []], [""k"", [""A""]], [""y"", []], [""k"", []], [""k"", []]], [[""y"", []], [""k"", []], [""k"", [""A""]], [""k"", []], [""k"", []], [""k"", []]], [[""k"", [""S""]], [""k"", []], [""k"", []], [""k"", [""W""]], [""k"", []], [""k"", []]]], ""energy"": 2}",W!b{Iy{r}Ir{s}f}
39,meteoroids-on-left,final-challenge,"{""length"": 10, ""fields"": [[[""b"", []], [""b"", []], [""b"", []], [""b"", []], [""b"", []]], [[""k"", [""W""]], [""k"", []], [""k"", []], [""k"", []], [""k"", []]], [[""k"", [""M""]], [""k"", [""M""]], [""k"", [""A""]], [""k"", [""A""]], [""k"", [""A""]]], [[""k"", []], [""k"", []], [""k"", []], [""k"", []], [""k"", []]], [[""k"", []], [""k"", []], [""k"", [""D""]], [""k"", [""D""]], [""k"", []]], [[""k"", []], [""k"", []], [""k"", []], [""k"", []], [""k"", []]], [[""k"", []], [""k"", []], [""k"", []], [""k"", []], [""k"", []]], [[""k"", []], [""k"", []], [""k"", []], [""k"", []], [""k"", []]], [[""k"", []], [""k"", []], [""k"", []], [""k"", []], [""k"", []]], [[""k"", []], [""k"", []], [""k"", [""S""]], [""k"", [""W""]], [""k"", []]]], ""energy"": 2}",R2{R2{l}sR2{r}R2{l}f}f
29,color-navigation,if-else,"{""length"": 6, ""fields"": [[[""b"", []], [""b"", []], [""b"", []], [""b"", []], [""b"", []]], [[""k"", [""D""]], [""k"", []], [""k"", []], [""k"", [""W""]], [""k"", []]], [[""k"", []], [""y"", [""D""]], [""k"", []], [""k"", [""D""]], [""k"", []]], [[""k"", []], [""k"", [""D""]], [""k"", []], [""k"", [""D""]], [""k"", []]], [[""r"", [""D""]], [""k"", []], [""k"", []], [""k"", []], [""y"", [""D""]]], [[""k"", []], [""y"", [""D""]], [""k"", []], [""r"", [""D""]], [""k"", []]], [[""k"", []], [""k"", [""D""]], [""k"", []], [""k"", [""D""]], [""k"", []]], [[""k"", []], [""k"", [""D""]], [""r"", [""D""]], [""k"", []], [""k"", []]], [[""r"", [""D""]], [""k"", []], [""k"", [""D""]], [""k"", []], [""k"", []]], [[""k"", [""D""]], [""k"", []], [""k"", [""D""]], [""k"", []], [""k"", []]], [[""k"", [""W""]], [""k"", []], [""k"", [""S""]], [""k"", []], [""k"", []]]]}",W!b{Ik{f}/{Iy{l}/{r}}}
34,follow-colors,if,"{""length"": 7, ""fields"": [[[""b"", []], [""b"", []], [""b"", []], [""b"", []], [""b"", []]], [[""k"", [""A""]], [""k"", [""A""]], [""k"", []], [""k"", []], [""k"", []]], [[""k"", []], [""y"", []], [""k"", [""A""]], [""k"", [""A""]], [""k"", []]], [[""k"", []], [""k"", []], [""r"", []], [""k"", [""A""]], [""k"", [""A""]]], [[""k"", [""A""]], [""k"", [""A""]], [""k"", [""A""]], [""r"", []], [""k"", []]], [[""k"", []], [""k"", []], [""y"", []], [""k"", []], [""k"", []]], [[""k"", []], [""k"", []], [""k"", [""S""]], [""k"", []], [""k"", []]]]}",W!b{Ik{f}Iy{r}Ir{l}}
45,diagonal-lines,final-challenge,"{""length"": 9, ""fields"": [[[""b"", []], [""b"", []], [""b"", [""D""]], [""b"", []], [""b"", []]], [[""k"", []], [""k"", []], [""k"", []], [""k"", []], [""k"", []]], [[""r"", [""D""]], [""k"", []], [""k"", []], [""k"", []], [""k"", []]], [[""k"", []], [""y"", []], [""k"", []], [""k"", []], [""k"", []]], [[""k"", []], [""k"", []], [""y"", []], [""k"", []], [""k"", []]], [[""k"", []], [""k"", []], [""k"", []], [""y"", []], [""k"", []]], [[""k"", []], [""k"", []], [""k"", []], [""k"", []], [""r"", [""D""]]], [[""k"", []], [""k"", []], [""k"", []], [""k"", []], [""k"", []]], [[""k"", []], [""k"", []], [""k"", []], [""k"", []], [""k"", []]], [[""k"", []], [""r"", [""D""]], [""k"", []], [""k"", []], [""k"", []]], [[""k"", []], [""k"", []], [""y"", []], [""k"", []], [""k"", []]], [[""k"", []], [""k"", []], [""k"", []], [""r"", [""D""]], [""k"", []]], [[""k"", []], [""k"", []], [""k"", []], [""k"", []], [""k"", []]], [[""k"", []], [""k"", [""S""]], [""k"", []], [""k"", []], [""k"", []]]]}",W!b{Ik{rIr{l}}Iy{lIr{r}}}
16,diamonds-on-yellow,if-else,"{""length"": 4, ""fields"": [[[""b"", []], [""b"", []], [""b"", []], [""b"", []], [""b"", []]], [[""k"", []], [""y"", [""D""]], [""k"", []], [""k"", []], [""k"", []]], [[""k"", []], [""k"", []], [""y"", [""D""]], [""k"", []], [""k"", []]], [[""k"", []], [""k"", []], [""k"", []], [""k"", []], [""k"", []]], [[""k"", []], [""k"", []], [""k"", []], [""k"", []], [""k"", []]], [[""k"", []], [""y"", [""D""]], [""k"", []], [""k"", []], [""k"", []]], [[""k"", []], [""k"", []], [""y"", [""D""]], [""k"", []], [""k"", []]], [[""k"", []], [""k"", []], [""k"", []], [""y"", [""D""]], [""k"", []]], [[""k"", []], [""k"", []], [""k"", []], [""k"", []], [""k"", []]], [[""k"", []], [""k"", []], [""k"", []], [""k"", []], [""k"", []]], [[""k"", []], [""k"", []], [""y"", [""D""]], [""k"", []], [""k"", []]], [[""k"", []], [""k"", []], [""k"", []], [""y"", [""S""]], [""k"", []]]]}",W!b{Iy{l}/{r}}
18,clean-your-path,repeat,"{""length"": 7, ""fields"": [[[""b"", []], [""b"", []], [""b"", []], [""b"", []], [""b"", []], [""b"", []], [""b"", []]], [[""k"", [""W""]], [""k"", [""M""]], [""k"", [""A""]], [""k"", []], [""k"", []], [""k"", []], [""k"", []]], [[""k"", []], [""k"", []], [""k"", [""M""]], [""k"", [""A""]], [""k"", []], [""k"", []], [""k"", []]], [[""k"", []], [""k"", []], [""k"", []], [""k"", [""M""]], [""k"", [""A""]], [""k"", []], [""k"", []]], [[""k"", []], [""k"", []], [""k"", []], [""k"", []], [""k"", [""M""]], [""k"", [""A""]], [""k"", []]], [[""k"", []], [""k"", []], [""k"", []], [""k"", []], [""k"", []], [""k"", [""M""]], [""k"", [""A""]]], [[""k"", []], [""k"", []], [""k"", []], [""k"", []], [""k"", []], [""k"", []], [""k"", [""D""]]], [[""k"", []], [""k"", []], [""k"", []], [""k"", []], [""k"", []], [""k"", []], [""k"", [""W""]]], [[""k"", []], [""k"", []], [""k"", []], [""k"", []], [""k"", []], [""k"", []], [""k"", []]], [[""k"", []], [""k"", []], [""k"", []], [""k"", []], [""k"", []], [""k"", []], [""k"", []]], [[""k"", []], [""k"", []], [""k"", []], [""k"", []], [""k"", []], [""k"", []], [""k"", []]], [[""k"", []], [""k"", []], [""k"", []], [""k"", []], [""k"", []], [""k"", [""S""]], [""k"", []]]]}",R5{sl}fR6{l}
22,triple-steps,if-else,"{""length"": 6, ""fields"": [[[""b"", []], [""b"", []], [""b"", []], [""b"", []], [""b"", []], [""b"", []]], [[""k"", []], [""k"", []], [""k"", []], [""k"", [""D""]], [""k"", []], [""k"", []]], [[""k"", []], [""k"", []], [""k"", [""D""]], [""k"", []], [""k"", []], [""k"", []]], [[""k"", []], [""y"", [""D""]], [""k"", []], [""k"", []], [""k"", []], [""k"", []]], [[""k"", []], [""k"", []], [""k"", [""D""]], [""k"", []], [""k"", []], [""k"", [""X""]]], [[""k"", []], [""k"", []], [""k"", []], [""k"", [""D""]], [""k"", [""D""]], [""k"", []]], [[""k"", []], [""k"", []], [""k"", []], [""k"", [""D""]], [""k"", [""X""]], [""k"", []]], [[""k"", [""W""]], [""k"", []], [""y"", [""D""]], [""k"", []], [""k"", []], [""k"", []]], [[""k"", []], [""k"", [""D""]], [""k"", []], [""k"", [""D""]], [""k"", []], [""k"", []]], [[""k"", []], [""k"", []], [""k"", [""D""]], [""k"", []], [""k"", [""D""]], [""k"", []]], [[""k"", []], [""k"", []], [""k"", []], [""k"", [""S""]], [""k"", []], [""k"", [""W""]]]]}",R5{I!y{R3{l}}/{R3{r}}}
58,collect-diamonds,loops,"{""length"": 8, ""fields"": [[[""b"", []], [""b"", []], [""b"", []], [""b"", []], [""b"", []]], [[""k"", []], [""k"", []], [""k"", []], [""k"", []], [""k"", [""D""]]], [[""k"", []], [""k"", []], [""k"", []], [""k"", []], [""k"", [""D""]]], [[""k"", []], [""k"", []], [""k"", []], [""k"", []], [""k"", [""D""]]], [[""k"", []], [""k"", []], [""k"", []], [""k"", []], [""k"", []]], [[""k"", [""A""]], [""k"", [""A""]], [""k"", []], [""k"", [""A""]], [""k"", [""A""]]], [[""k"", []], [""k"", []], [""k"", []], [""k"", []], [""k"", []]], [[""k"", []], [""k"", []], [""k"", []], [""k"", []], [""k"", []]], [[""k"", [""D""]], [""k"", []], [""k"", []], [""k"", []], [""k"", []]], [[""k"", [""D""]], [""k"", []], [""k"", []], [""k"", []], [""k"", []]], [[""k"", [""D""]], [""k"", []], [""k"", []], [""k"", []], [""k"", []]], [[""k"", []], [""k"", []], [""k"", []], [""k"", []], [""k"", []]], [[""k"", []], [""k"", []], [""k"", [""S""]], [""k"", []], [""k"", []]]]}",llR3{f}R4{r}R3{f}
83,maneuvers-on-left,comparing,"{""length"": 6, ""fields"": [[[""b"", [""M""]], [""b"", [""M""]], [""b"", []], [""b"", []], [""b"", []]], [[""k"", [""M""]], [""k"", [""Z""]], [""k"", []], [""k"", []], [""k"", []]], [[""k"", [""M""]], [""k"", [""M""]], [""k"", []], [""k"", []], [""k"", []]], [[""k"", [""M""]], [""k"", [""D""]], [""k"", []], [""k"", []], [""k"", []]], [[""k"", [""X""]], [""k"", [""Y""]], [""k"", [""W""]], [""k"", [""Y""]], [""k"", [""Z""]]], [[""k"", [""M""]], [""k"", [""M""]], [""k"", []], [""k"", []], [""k"", []]], [[""k"", [""D""]], [""k"", [""M""]], [""k"", []], [""k"", []], [""k"", []]], [[""k"", [""W""]], [""k"", [""M""]], [""k"", []], [""k"", []], [""k"", []]], [[""k"", [""M""]], [""k"", [""M""]], [""k"", [""S""]], [""k"", [""X""]], [""k"", []]]]}",W!b{fIx<=2{fsf}}
52,zig-zag-plus,loops,"{""length"": 8, ""fields"": [[[""b"", []], [""b"", []], [""b"", []], [""b"", []], [""b"", []]], [[""k"", [""A""]], [""k"", []], [""k"", [""A""]], [""k"", []], [""k"", [""A""]]], [[""k"", []], [""k"", [""A""]], [""k"", []], [""k"", [""A""]], [""k"", []]], [[""k"", [""A""]], [""k"", []], [""k"", [""A""]], [""k"", []], [""k"", [""A""]]], [[""k"", []], [""k"", [""A""]], [""k"", [""M""]], [""k"", [""A""]], [""k"", []]], [[""k"", [""A""]], [""k"", []], [""k"", [""A""]], [""k"", []], [""k"", [""A""]]], [[""k"", [""M""]], [""k"", [""A""]], [""k"", []], [""k"", [""A""]], [""k"", [""M""]]], [[""k"", [""A""]], [""k"", []], [""k"", [""A""]], [""k"", []], [""k"", [""A""]]], [[""k"", []], [""k"", [""A""]], [""k"", []], [""k"", [""A""]], [""k"", []]], [[""k"", [""A""]], [""k"", []], [""k"", [""A""]], [""k"", []], [""k"", [""A""]]], [[""k"", []], [""k"", [""A""]], [""k"", []], [""k"", [""A""]], [""k"", []]], [[""k"", [""A""]], [""k"", []], [""k"", [""A""]], [""k"", []], [""k"", [""A""]]], [[""k"", []], [""k"", []], [""k"", [""S""]], [""k"", []], [""k"", []]]]}",R2{r}R3{l}R3{r}R4{l}
33,diamond-ring,final-challenge,"{""length"": 6, ""fields"": [[[""b"", []], [""b"", []], [""b"", []], [""b"", []], [""b"", []], [""b"", []]], [[""k"", [""W""]], [""k"", []], [""k"", []], [""k"", []], [""k"", []], [""k"", []]], [[""k"", []], [""k"", []], [""k"", []], [""k"", []], [""k"", []], [""k"", []]], [[""k"", []], [""k"", []], [""k"", []], [""k"", []], [""k"", []], [""k"", []]], [[""k"", []], [""k"", []], [""k"", []], [""k"", []], [""k"", []], [""k"", []]], [[""k"", []], [""k"", []], [""k"", []], [""k"", []], [""k"", []], [""k"", []]], [[""k"", []], [""k"", []], [""k"", []], [""k"", []], [""k"", []], [""k"", []]], [[""k"", []], [""k"", []], [""k"", [""D""]], [""k"", [""D""]], [""k"", []], [""k"", []]], [[""k"", []], [""k"", [""D""]], [""k"", []], [""k"", []], [""k"", [""D""]], [""k"", []]], [[""k"", [""D""]], [""k"", []], [""k"", []], [""k"", []], [""k"", []], [""k"", [""D""]]], [[""k"", []], [""k"", [""D""]], [""k"", []], [""k"", []], [""k"", [""D""]], [""k"", []]], [[""k"", []], [""k"", []], [""k"", [""D""]], [""k"", [""D""]], [""k"", []], [""k"", []]], [[""k"", []], [""k"", []], [""k"", []], [""k"", []], [""k"", []], [""k"", []]], [[""k"", []], [""k"", []], [""k"", []], [""k"", []], [""k"", []], [""k"", []]], [[""k"", []], [""k"", []], [""k"", []], [""k"", []], [""k"", []], [""k"", []]], [[""k"", []], [""k"", []], [""k"", [""S""]], [""k"", [""W""]], [""k"", []], [""k"", []]]]}",R7{R2{l}R2{r}}f
84,triangle,repeat,"{""length"": 6, ""fields"": [[[""b"", [""X""]], [""b"", []], [""b"", []], [""b"", []], [""b"", []]], [[""k"", []], [""k"", [""D""]], [""k"", []], [""k"", []], [""k"", []]], [[""k"", []], [""k"", [""D""]], [""k"", [""D""]], [""k"", []], [""k"", []]], [[""k"", []], [""k"", [""D""]], [""k"", []], [""k"", [""D""]], [""k"", []]], [[""k"", []], [""k"", [""D""]], [""k"", []], [""k"", []], [""k"", [""D""]]], [[""k"", []], [""k"", [""D""]], [""k"", []], [""k"", [""D""]], [""k"", []]], [[""k"", []], [""k"", [""D""]], [""k"", [""D""]], [""k"", []], [""k"", []]], [[""k"", []], [""k"", [""D""]], [""k"", []], [""k"", []], [""k"", []]], [[""k"", [""S""]], [""k"", [""X""]], [""k"", []], [""k"", []], [""k"", []]]]}",R4{r}R4{l}R8{f}
7,meteoroids-and-wormholes,comparing,"{""length"": 5, ""fields"": [[[""b"", []], [""b"", []], [""b"", []], [""b"", []], [""b"", []]], [[""k"", []], [""k"", []], [""k"", []], [""k"", [""A""]], [""k"", [""M""]]], [[""k"", []], [""k"", []], [""k"", []], [""k"", []], [""k"", [""D""]]], [[""k"", []], [""k"", []], [""k"", []], [""k"", []], [""k"", [""Y""]]], [[""k"", []], [""k"", []], [""k"", [""Y""]], [""k"", [""A""]], [""k"", [""M""]]], [[""k"", []], [""k"", []], [""k"", []], [""k"", []], [""k"", [""D""]]], [[""k"", []], [""k"", []], [""k"", []], [""k"", []], [""k"", [""X""]]], [[""k"", []], [""k"", []], [""k"", []], [""k"", [""A""]], [""k"", [""M""]]], [[""k"", []], [""k"", [""X""]], [""k"", []], [""k"", []], [""k"", [""D""]]], [[""k"", []], [""k"", []], [""k"", []], [""k"", []], [""k"", [""W""]]], [[""k"", []], [""k"", []], [""k"", []], [""k"", [""A""]], [""k"", [""M""]]], [[""k"", []], [""k"", []], [""k"", []], [""k"", []], [""k"", [""D""]]], [[""k"", [""W""]], [""k"", []], [""k"", []], [""k"", []], [""k"", []]], [[""k"", []], [""k"", []], [""k"", [""S""]], [""k"", []], [""k"", []]]]}",W!b{Wx<5{r}sf}
65,letter-h,comparing,"{""length"": 5, ""fields"": [[[""b"", []], [""b"", []], [""b"", []], [""b"", []], [""b"", []]], [[""k"", [""Y""]], [""k"", []], [""k"", []], [""k"", []], [""k"", [""D""]]], [[""k"", [""M""]], [""k"", []], [""k"", []], [""k"", []], [""k"", [""D""]]], [[""k"", [""M""]], [""k"", []], [""k"", []], [""k"", []], [""k"", [""D""]]], [[""k"", [""X""]], [""k"", []], [""k"", []], [""k"", []], [""k"", [""Y""]]], [[""k"", [""M""]], [""k"", [""M""]], [""k"", [""M""]], [""k"", [""M""]], [""k"", [""M""]]], [[""k"", [""W""]], [""k"", []], [""k"", []], [""k"", []], [""k"", [""X""]]], [[""k"", [""M""]], [""k"", []], [""k"", []], [""k"", []], [""k"", [""D""]]], [[""k"", [""M""]], [""k"", []], [""k"", []], [""k"", []], [""k"", [""D""]]], [[""k"", [""S""]], [""k"", []], [""k"", []], [""k"", []], [""k"", [""W""]]]], ""energy"": 4}",W!b{Ix=1{ss}f}
63,rectangle,loops,"{""length"": 5, ""fields"": [[[""b"", []], [""b"", [""Y""]], [""b"", [""X""]], [""b"", []], [""b"", []]], [[""k"", []], [""k"", [""M""]], [""k"", [""M""]], [""k"", [""M""]], [""k"", []]], [[""k"", []], [""k"", [""D""]], [""k"", [""D""]], [""k"", [""D""]], [""k"", []]], [[""k"", []], [""k"", [""D""]], [""k"", [""D""]], [""k"", [""D""]], [""k"", []]], [[""k"", []], [""k"", [""D""]], [""k"", [""D""]], [""k"", [""D""]], [""k"", []]], [[""k"", []], [""k"", [""D""]], [""k"", [""D""]], [""k"", [""D""]], [""k"", []]], [[""k"", []], [""k"", [""D""]], [""k"", [""D""]], [""k"", [""D""]], [""k"", []]], [[""k"", []], [""k"", [""S""]], [""k"", [""Y""]], [""k"", [""X""]], [""k"", []]]], ""energy"": 3}",R3{R5{f}sf}
64,wave,comparing,"{""length"": 7, ""fields"": [[[""b"", []], [""b"", [""D""]], [""b"", []], [""b"", []], [""b"", []]], [[""k"", []], [""y"", [""D""]], [""k"", []], [""k"", []], [""k"", []]], [[""k"", []], [""k"", []], [""y"", [""D""]], [""k"", []], [""k"", []]], [[""k"", []], [""k"", []], [""k"", []], [""y"", [""D""]], [""k"", []]], [[""k"", []], [""k"", []], [""k"", []], [""y"", [""D""]], [""k"", []]], [[""k"", []], [""k"", []], [""y"", [""D""]], [""k"", []], [""k"", []]], [[""k"", []], [""y"", [""D""]], [""k"", []], [""k"", []], [""k"", []]], [[""k"", []], [""y"", [""D""]], [""k"", []], [""k"", []], [""k"", []]], [[""k"", []], [""k"", []], [""y"", [""D""]], [""k"", []], [""k"", []]], [[""k"", []], [""k"", []], [""k"", []], [""y"", [""D""]], [""k"", []]], [[""k"", []], [""k"", []], [""k"", []], [""y"", [""D""]], [""k"", []]], [[""k"", []], [""k"", []], [""y"", [""S""]], [""k"", []], [""k"", []]]]}",R2{Wx<4{r}fWx>2{l}f}
66,surrounded-diamond,moves,"{""fields"": [[[""b"", []], [""b"", [""A""]], [""b"", [""M""]], [""b"", [""M""]], [""b"", []]], [[""k"", [""A""]], [""k"", []], [""k"", []], [""k"", []], [""k"", [""A""]]], [[""k"", []], [""k"", []], [""k"", [""A""]], [""k"", [""M""]], [""k"", []]], [[""k"", []], [""k"", [""M""]], [""k"", [""D""]], [""k"", []], [""k"", []]], [[""k"", []], [""k"", [""M""]], [""k"", [""A""]], [""k"", []], [""k"", [""M""]]], [[""k"", [""A""]], [""k"", []], [""k"", [""M""]], [""k"", [""A""]], [""k"", []]], [[""k"", [""M""]], [""k"", []], [""k"", [""A""]], [""k"", []], [""k"", []]], [[""k"", []], [""k"", []], [""k"", [""S""]], [""k"", []], [""k"", [""M""]]]]}",rrlllfl
67,plus,moves,"{""fields"": [[[""b"", []], [""b"", []], [""b"", [""D""]], [""b"", []], [""b"", []]], [[""k"", []], [""k"", []], [""k"", [""A""]], [""k"", []], [""k"", []]], [[""k"", []], [""k"", [""A""]], [""k"", [""A""]], [""k"", [""A""]], [""k"", []]], [[""k"", []], [""k"", []], [""k"", [""A""]], [""k"", []], [""k"", []]], [[""k"", []], [""k"", []], [""k"", [""S""]], [""k"", []], [""k"", []]]]}",rrll
68,stripes,loops,"{""length"": 4, ""fields"": [[[""b"", []], [""b"", [""W""]], [""b"", []], [""b"", [""X""]], [""b"", []], [""b"", []]], [[""k"", []], [""k"", [""D""]], [""k"", []], [""k"", [""D""]], [""k"", []], [""k"", [""D""]]], [[""k"", []], [""k"", [""D""]], [""k"", []], [""k"", [""D""]], [""k"", []], [""k"", [""D""]]], [[""k"", []], [""k"", [""D""]], [""k"", []], [""k"", [""D""]], [""k"", []], [""k"", [""D""]]], [[""k"", []], [""k"", [""D""]], [""k"", []], [""k"", [""D""]], [""k"", []], [""k"", [""D""]]], [[""k"", []], [""k"", [""D""]], [""k"", []], [""k"", [""D""]], [""k"", []], [""k"", [""D""]]], [[""k"", [""S""]], [""k"", []], [""k"", [""W""]], [""k"", []], [""k"", [""X""]], [""k"", []]]]}",R3{rR5{f}}
73,stop-on-red,while,"{""length"": 5, ""fields"": [[[""b"", []], [""b"", []], [""b"", []], [""b"", []], [""b"", []]], [[""k"", []], [""k"", []], [""k"", []], [""k"", []], [""k"", []]], [[""k"", []], [""k"", []], [""k"", []], [""k"", []], [""k"", []]], [[""k"", []], [""k"", []], [""k"", []], [""k"", []], [""k"", []]], [[""k"", [""A""]], [""k"", [""A""]], [""k"", [""M""]], [""k"", [""A""]], [""k"", [""A""]]], [[""k"", []], [""k"", []], [""r"", [""D""]], [""k"", []], [""k"", []]], [[""k"", []], [""k"", []], [""k"", []], [""k"", []], [""k"", []]], [[""k"", []], [""k"", []], [""k"", []], [""k"", []], [""k"", []]], [[""k"", []], [""k"", []], [""k"", []], [""k"", []], [""k"", []]], [[""k"", []], [""k"", []], [""k"", [""S""]], [""k"", []], [""k"", []]]], ""energy"": 1}",W!r{f}sW!b{f}
24,narrow-passage,if-else,"{""length"": 4, ""fields"": [[[""b"", []], [""b"", []], [""b"", []], [""b"", []], [""b"", []]], [[""k"", [""A""]], [""k"", [""A""]], [""k"", [""A""]], [""k"", [""A""]], [""k"", []]], [[""k"", []], [""k"", []], [""k"", []], [""k"", []], [""k"", []]], [[""k"", []], [""k"", []], [""k"", []], [""k"", []], [""k"", []]], [[""k"", []], [""k"", []], [""k"", []], [""k"", []], [""k"", []]], [[""k"", [""A""]], [""k"", [""A""]], [""k"", [""A""]], [""k"", [""A""]], [""k"", []]], [[""k"", []], [""k"", []], [""k"", []], [""k"", []], [""k"", [""W""]]], [[""k"", []], [""k"", []], [""k"", []], [""k"", []], [""k"", []]], [[""k"", []], [""k"", [""W""]], [""k"", []], [""k"", []], [""k"", []]], [[""k"", [""A""]], [""k"", [""A""]], [""k"", [""A""]], [""k"", [""A""]], [""k"", []]], [[""k"", []], [""k"", []], [""k"", []], [""k"", []], [""k"", []]], [[""k"", []], [""k"", []], [""k"", []], [""k"", []], [""k"", []]], [[""k"", []], [""k"", []], [""k"", []], [""k"", []], [""k"", []]], [[""k"", [""S""]], [""k"", []], [""k"", []], [""k"", []], [""k"", []]]]}",W!b{Ix<5{r}/{f}}
32,double-track,loops,"{""length"": 8, ""fields"": [[[""b"", []], [""b"", []], [""b"", []], [""b"", []], [""b"", []], [""b"", []]], [[""k"", [""W""]], [""k"", [""D""]], [""k"", []], [""k"", []], [""k"", []], [""k"", []]], [[""k"", [""D""]], [""k"", [""D""]], [""k"", []], [""k"", []], [""k"", []], [""k"", []]], [[""k"", []], [""k"", [""D""]], [""k"", [""D""]], [""k"", []], [""k"", []], [""k"", []]], [[""k"", []], [""k"", []], [""k"", [""D""]], [""k"", [""D""]], [""k"", []], [""k"", []]], [[""k"", []], [""k"", []], [""k"", [""D""]], [""k"", [""D""]], [""k"", []], [""k"", []]], [[""k"", []], [""k"", []], [""k"", [""D""]], [""k"", [""D""]], [""k"", []], [""k"", []]], [[""k"", []], [""k"", []], [""k"", [""D""]], [""k"", [""D""]], [""k"", []], [""k"", []]], [[""k"", []], [""k"", []], [""k"", []], [""k"", [""D""]], [""k"", [""D""]], [""k"", []]], [[""k"", []], [""k"", []], [""k"", []], [""k"", []], [""k"", [""D""]], [""k"", [""D""]]], [[""k"", []], [""k"", []], [""k"", []], [""k"", []], [""k"", [""D""]], [""k"", [""D""]]], [[""k"", []], [""k"", []], [""k"", []], [""k"", []], [""k"", [""D""]], [""k"", [""D""]]], [[""k"", []], [""k"", []], [""k"", []], [""k"", []], [""k"", [""S""]], [""k"", [""W""]]]]}",R2{R2{R3{f}R2{l}}f}f
70,big-right-turn,repeat,"{""length"": 5, ""fields"": [[[""b"", []], [""b"", [""M""]], [""b"", [""A""]], [""b"", [""A""]], [""b"", [""A""]]], [[""k"", [""M""]], [""k"", []], [""k"", [""M""]], [""k"", [""A""]], [""k"", [""A""]]], [[""k"", [""A""]], [""k"", [""M""]], [""k"", []], [""k"", [""M""]], [""k"", [""A""]]], [[""k"", [""A""]], [""k"", [""A""]], [""k"", [""M""]], [""k"", []], [""k"", [""M""]]], [[""k"", [""A""]], [""k"", [""A""]], [""k"", [""A""]], [""k"", [""M""]], [""k"", []]], [[""k"", [""A""]], [""k"", [""A""]], [""k"", [""A""]], [""k"", [""M""]], [""k"", []]], [[""k"", [""A""]], [""k"", [""A""]], [""k"", [""M""]], [""k"", []], [""k"", [""M""]]], [[""k"", [""A""]], [""k"", [""M""]], [""k"", []], [""k"", [""M""]], [""k"", [""A""]]], [[""k"", [""A""]], [""k"", [""S""]], [""k"", [""M""]], [""k"", [""A""]], [""k"", [""A""]]]]}",R3{r}fR4{l}
71,big-left-turn,repeat,"{""fields"": [[[""b"", [""A""]], [""b"", [""A""]], [""b"", [""A""]], [""b"", []], [""b"", [""A""]]], [[""k"", [""A""]], [""k"", [""A""]], [""k"", []], [""k"", []], [""k"", [""A""]]], [[""k"", [""A""]], [""k"", []], [""k"", []], [""k"", [""A""]], [""k"", [""A""]]], [[""k"", []], [""k"", []], [""k"", [""A""]], [""k"", [""A""]], [""k"", [""A""]]], [[""k"", []], [""k"", [""A""]], [""k"", [""A""]], [""k"", [""A""]], [""k"", [""A""]]], [[""k"", []], [""k"", [""A""]], [""k"", [""A""]], [""k"", [""A""]], [""k"", [""A""]]], [[""k"", []], [""k"", []], [""k"", [""A""]], [""k"", [""A""]], [""k"", [""A""]]], [[""k"", [""A""]], [""k"", []], [""k"", []], [""k"", [""A""]], [""k"", [""A""]]], [[""k"", [""A""]], [""k"", [""A""]], [""k"", []], [""k"", []], [""k"", [""A""]]], [[""k"", [""A""]], [""k"", [""A""]], [""k"", [""A""]], [""k"", [""S""]], [""k"", [""A""]]]]}",R3{l}R3{f}R3{r}
72,four-vs,loops,"{""length"": 5, ""fields"": [[[""b"", []], [""b"", []], [""b"", []], [""b"", []], [""b"", []]], [[""k"", []], [""k"", [""Y""]], [""k"", [""D""]], [""k"", []], [""k"", []]], [[""k"", []], [""k"", [""X""]], [""k"", [""D""]], [""k"", [""D""]], [""k"", []]], [[""k"", []], [""k"", [""W""]], [""k"", [""D""]], [""k"", [""D""]], [""k"", [""D""]]], [[""k"", []], [""k"", []], [""g"", [""D""]], [""k"", [""D""]], [""k"", [""D""]]], [[""k"", []], [""k"", []], [""k"", [""D""]], [""g"", [""D""]], [""k"", [""D""]]], [[""k"", []], [""k"", [""Y""]], [""k"", [""D""]], [""k"", [""D""]], [""g"", [""D""]]], [[""k"", []], [""k"", [""X""]], [""k"", [""D""]], [""g"", [""D""]], [""k"", []]], [[""k"", []], [""k"", [""W""]], [""g"", [""D""]], [""k"", []], [""k"", []]], [[""k"", []], [""k"", [""S""]], [""k"", []], [""k"", []], [""k"", []]]]}",R4{R3{r}R3{l}}
74,turning-in-square,final-challenge,"{""length"": 10, ""fields"": [[[""b"", []], [""b"", []], [""b"", []], [""b"", []], [""b"", []]], [[""k"", [""W""]], [""k"", []], [""k"", []], [""k"", []], [""k"", [""X""]]], [[""k"", []], [""k"", []], [""k"", []], [""k"", []], [""k"", []]], [[""k"", []], [""g"", [""D""]], [""g"", [""D""]], [""g"", [""D""]], [""k"", []]], [[""k"", []], [""y"", [""D""]], [""y"", [""D""]], [""y"", [""D""]], [""k"", []]], [[""k"", []], [""g"", [""D""]], [""g"", [""D""]], [""g"", [""D""]], [""k"", []]], [[""k"", []], [""k"", []], [""k"", []], [""k"", []], [""k"", []]], [[""k"", []], [""k"", []], [""k"", []], [""k"", []], [""k"", []]], [[""k"", []], [""k"", [""W""]], [""k"", [""S""]], [""k"", [""X""]], [""k"", []]]]}",W!b{fIy{Ix=3{ll}Ix=2{R3{r}}}}
77,letter-d,final-challenge,"{""length"": 6, ""fields"": [[[""b"", []], [""b"", []], [""b"", []], [""b"", []], [""b"", []], [""b"", []]], [[""y"", []], [""y"", [""Y""]], [""y"", [""D""]], [""r"", [""Z""]], [""r"", []], [""r"", []]], [[""y"", []], [""y"", [""D""]], [""y"", []], [""r"", []], [""r"", [""D""]], [""r"", []]], [[""y"", []], [""y"", [""D""]], [""y"", []], [""r"", []], [""r"", [""D""]], [""r"", []]], [[""y"", []], [""y"", [""D""]], [""y"", []], [""r"", []], [""r"", []], [""r"", [""D""]]], [[""r"", []], [""r"", [""D""]], [""r"", []], [""y"", []], [""y"", []], [""y"", [""D""]]], [[""r"", []], [""r"", [""D""]], [""r"", []], [""y"", []], [""y"", [""D""]], [""y"", []]], [[""r"", []], [""r"", [""D""]], [""r"", []], [""y"", []], [""y"", [""D""]], [""y"", []]], [[""r"", []], [""r"", [""D""]], [""r"", [""Z""]], [""y"", [""Y""]], [""y"", []], [""y"", []]], [[""k"", []], [""k"", [""S""]], [""k"", []], [""k"", []], [""k"", []], [""k"", []]]]}",W!b{fIx>3{Iy{r}/{l}}}
79,last-shot,world,"{""fields"": [[[""b"", []], [""b"", []], [""b"", []], [""b"", []], [""b"", []]], [[""k"", [""M""]], [""k"", [""A""]], [""k"", [""M""]], [""k"", [""M""]], [""k"", []]], [[""k"", [""M""]], [""k"", []], [""k"", [""A""]], [""k"", []], [""k"", [""M""]]], [[""k"", []], [""k"", [""A""]], [""k"", [""M""]], [""k"", [""A""]], [""k"", [""M""]]], [[""k"", []], [""k"", []], [""k"", [""A""]], [""k"", []], [""k"", []]], [[""k"", []], [""k"", []], [""k"", []], [""k"", []], [""k"", []]], [[""k"", []], [""k"", []], [""k"", [""S""]], [""k"", []], [""k"", []]]], ""energy"": 1}",rrslrf
80,letter-e,if-else,"{""length"": 4, ""fields"": [[[""b"", []], [""b"", []], [""b"", []], [""b"", []], [""b"", []]], [[""k"", [""D""]], [""k"", []], [""k"", []], [""k"", []], [""k"", []]], [[""k"", [""Y""]], [""k"", [""D""]], [""k"", []], [""k"", []], [""k"", []]], [[""k"", [""D""]], [""k"", []], [""k"", [""D""]], [""k"", []], [""k"", []]], [[""k"", [""D""]], [""k"", []], [""k"", []], [""k"", [""Y""]], [""k"", []]], [[""k"", [""Z""]], [""k"", [""D""]], [""k"", []], [""k"", []], [""k"", []]], [[""k"", [""D""]], [""k"", []], [""k"", [""D""]], [""k"", []], [""k"", []]], [[""k"", [""D""]], [""k"", []], [""k"", []], [""k"", [""Z""]], [""k"", []]], [[""k"", []], [""k"", [""D""]], [""k"", []], [""k"", []], [""k"", []]], [[""k"", []], [""k"", []], [""k"", [""D""]], [""k"", []], [""k"", []]], [[""k"", []], [""k"", []], [""k"", []], [""k"", [""S""]], [""k"", []]]]}",W!b{Ix=1{f}/{l}}
76,blocked-wormhole,repeat,"{""length"": 4, ""fields"": [[[""b"", [""A""]], [""b"", [""A""]], [""b"", [""A""]], [""b"", []], [""b"", [""A""]]], [[""k"", [""A""]], [""k"", [""W""]], [""k"", [""A""]], [""k"", []], [""k"", [""A""]]], [[""k"", [""A""]], [""k"", [""M""]], [""k"", [""A""]], [""k"", []], [""k"", [""A""]]], [[""k"", [""A""]], [""k"", [""M""]], [""k"", [""A""]], [""k"", []], [""k"", [""A""]]], [[""k"", [""A""]], [""k"", [""M""]], [""k"", [""A""]], [""k"", [""W""]], [""k"", [""A""]]], [[""k"", [""A""]], [""k"", []], [""k"", [""A""]], [""k"", [""A""]], [""k"", [""A""]]], [[""k"", [""A""]], [""k"", []], [""k"", [""A""]], [""k"", [""A""]], [""k"", [""A""]]], [[""k"", [""A""]], [""k"", []], [""k"", [""A""]], [""k"", [""A""]], [""k"", [""A""]]], [[""k"", [""A""]], [""k"", []], [""k"", [""A""]], [""k"", [""A""]], [""k"", [""A""]]], [[""k"", [""A""]], [""k"", [""S""]], [""k"", [""A""]], [""k"", [""A""]], [""k"", [""A""]]]], ""energy"": 3}",R3{s}R9{f}
78,yellow-squares,if,"{""length"": 4, ""fields"": [[[""b"", []], [""b"", []], [""b"", []], [""b"", []], [""b"", []]], [[""k"", []], [""k"", []], [""y"", [""M""]], [""y"", [""M""]], [""k"", []]], [[""k"", []], [""k"", []], [""y"", [""M""]], [""y"", [""D""]], [""k"", []]], [[""k"", []], [""k"", [""W""]], [""k"", []], [""k"", []], [""k"", []]], [[""y"", [""M""]], [""y"", [""M""]], [""k"", []], [""y"", [""M""]], [""y"", [""M""]]], [[""y"", [""M""]], [""y"", [""D""]], [""k"", []], [""y"", [""D""]], [""y"", [""M""]]], [[""k"", []], [""k"", []], [""k"", []], [""k"", [""W""]], [""k"", []]], [[""k"", []], [""y"", [""M""]], [""y"", [""M""]], [""k"", []], [""k"", []]], [[""k"", []], [""y"", [""D""]], [""y"", [""M""]], [""k"", []], [""k"", []]], [[""k"", []], [""k"", []], [""k"", []], [""k"", []], [""k"", []]], [[""k"", []], [""k"", [""S""]], [""k"", []], [""k"", []], [""k"", []]]], ""energy"": 4}",W!b{fIy{s}}
82,free-column,comparing,"{""length"": 4, ""fields"": [[[""b"", [""A""]], [""b"", [""A""]], [""b"", [""A""]], [""b"", []], [""b"", [""A""]]], [[""k"", [""A""]], [""k"", [""W""]], [""k"", [""A""]], [""k"", [""M""]], [""k"", [""A""]]], [[""k"", [""A""]], [""k"", []], [""k"", [""A""]], [""k"", [""Z""]], [""k"", [""A""]]], [[""k"", [""A""]], [""k"", []], [""k"", [""A""]], [""k"", [""A""]], [""k"", [""X""]]], [[""k"", [""A""]], [""k"", []], [""k"", [""A""]], [""k"", [""A""]], [""k"", [""M""]]], [[""k"", [""Z""]], [""k"", [""X""]], [""k"", [""Y""]], [""k"", [""A""]], [""k"", []]], [[""k"", [""M""]], [""k"", [""A""]], [""k"", [""M""]], [""k"", [""A""]], [""k"", [""M""]]], [[""k"", []], [""k"", [""A""]], [""k"", []], [""k"", [""A""]], [""k"", []]], [[""k"", [""M""]], [""k"", [""A""]], [""k"", [""M""]], [""k"", [""A""]], [""k"", [""M""]]], [[""k"", [""W""]], [""k"", [""A""]], [""k"", [""S""]], [""k"", [""A""]], [""k"", [""Y""]]]], ""energy"": 8}",W!b{Ix!=2{s}f}
61,mirror,final-challenge,"{""length"": 13, ""fields"": [[[""b"", []], [""b"", []], [""b"", []], [""b"", []], [""b"", []], [""b"", []], [""b"", []]], [[""k"", []], [""k"", []], [""k"", [""W""]], [""k"", [""A""]], [""k"", [""D""]], [""k"", []], [""k"", []]], [[""k"", []], [""k"", []], [""k"", []], [""k"", [""A""]], [""k"", []], [""k"", []], [""k"", []]], [[""k"", []], [""r"", [""D""]], [""k"", []], [""k"", [""A""]], [""k"", []], [""r"", [""D""]], [""k"", []]], [[""k"", []], [""k"", []], [""y"", []], [""k"", [""A""]], [""y"", []], [""k"", []], [""k"", []]], [[""k"", []], [""r"", [""D""]], [""k"", []], [""k"", [""A""]], [""k"", []], [""r"", [""D""]], [""k"", []]], [[""k"", []], [""k"", []], [""k"", []], [""k"", [""A""]], [""k"", []], [""k"", []], [""k"", []]], [[""r"", [""D""]], [""k"", []], [""k"", []], [""k"", [""A""]], [""k"", []], [""k"", []], [""r"", [""D""]]], [[""k"", []], [""y"", []], [""k"", []], [""k"", [""A""]], [""k"", []], [""y"", []], [""k"", []]], [[""r"", [""D""]], [""k"", []], [""k"", []], [""k"", [""A""]], [""k"", []], [""k"", []], [""r"", [""D""]]], [[""k"", []], [""y"", []], [""k"", []], [""k"", [""A""]], [""k"", []], [""y"", []], [""k"", []]], [[""k"", []], [""k"", []], [""y"", []], [""k"", [""A""]], [""y"", []], [""k"", []], [""k"", []]], [[""k"", []], [""k"", []], [""k"", [""S""]], [""k"", [""A""]], [""k"", [""W""]], [""k"", []], [""k"", []]]]}",W!b{Iy{Ix<4{l}/{r}}Ir{Ix<4{r}/{l}}Ik{f}}
69,diamond-in-house,while,"{""fields"": [[[""b"", []], [""b"", []], [""b"", [""A""]], [""b"", []], [""b"", []]], [[""k"", []], [""k"", [""A""]], [""y"", []], [""k"", [""A""]], [""k"", []]], [[""k"", [""A""]], [""y"", []], [""y"", []], [""y"", []], [""k"", [""A""]]], [[""y"", []], [""y"", [""A""]], [""y"", [""A""]], [""y"", [""A""]], [""y"", []]], [[""k"", []], [""k"", [""A""]], [""k"", [""X""]], [""k"", [""A""]], [""k"", []]], [[""k"", [""W""]], [""k"", [""A""]], [""k"", [""D""]], [""k"", [""A""]], [""k"", [""X""]]], [[""k"", []], [""k"", [""A""]], [""k"", [""W""]], [""k"", [""A""]], [""k"", []]], [[""k"", []], [""k"", [""A""]], [""k"", [""A""]], [""k"", [""A""]], [""k"", []]], [[""g"", []], [""g"", []], [""g"", []], [""g"", []], [""g"", []]], [[""g"", []], [""g"", []], [""g"", []], [""g"", []], [""g"", []]], [[""g"", []], [""g"", []], [""g"", []], [""g"", [""S""]], [""g"", []]]]}",Wg{l}W!y{f}W!b{l}
81,belgian-flag,if,"{""length"": 9, ""fields"": [[[""b"", []], [""b"", []], [""b"", []], [""b"", []], [""b"", []], [""b"", []]], [[""k"", [""Y""]], [""k"", [""A""]], [""k"", [""W""]], [""k"", [""A""]], [""k"", [""A""]], [""k"", []]], [[""k"", [""D""]], [""k"", []], [""y"", []], [""y"", [""D""]], [""r"", [""D""]], [""r"", []]], [[""k"", [""D""]], [""k"", []], [""y"", [""D""]], [""y"", []], [""r"", []], [""r"", [""D""]]], [[""k"", [""D""]], [""k"", []], [""y"", []], [""y"", [""D""]], [""r"", [""D""]], [""r"", []]], [[""k"", [""D""]], [""k"", []], [""y"", [""D""]], [""y"", []], [""r"", []], [""r"", [""D""]]], [[""k"", [""W""]], [""k"", [""A""]], [""k"", []], [""k"", [""A""]], [""k"", [""A""]], [""k"", [""Y""]]], [[""k"", []], [""k"", []], [""k"", [""S""]], [""k"", []], [""k"", []], [""k"", []]]]}",W!b{Ik{f}Iy{rl}Ir{lr}}
